city,epw_file,latitude,longitude,altitude_m,summer_mean_Ta_C,summer_p95_Ta_C,summer_mean_RH_pct,summer_mean_wind_ms,summer_mean_GHI_Wm2,summer_precip_metric,summer_precip_metric_type,summer_mist_hours_h,summer_water_use_L_per_module,summer_pv_energy_Wh_per_m2pv,summer_load_energy_Wh_per_module,summer_autonomy_ratio,battery_usable_kWh,battery_full_pump_hours_h,cluster,archetype
Adana-Incirlik.AB,TUR_AA_Adana-Incirlik.AB.173500_TMYx.2009-2023.epw,37.001,35.418,72.5,32.875543478260866,36.324999999999996,47.12771739130435,5.07663043478261,652.3967391304348,15.7,summer_sum_liquid_precipitation_depth,529.0,19799.05384615385,87491.79615305585,45894.028846153844,1.9063873526193618,1.0,4.0,5,Temperate / Windy Coastal
Adapazari,TUR_SK_Adapazari.170690_TMYx.2009-2023.epw,40.783,30.417,30.0,28.19578804347826,34.15,57.97690217391305,2.2510869565217395,619.664402173913,89.70000000000002,summer_sum_liquid_precipitation_depth,91.0,3592.7711538461535,83910.83464844972,9502.939903846152,8.829986877480751,1.0,4.0,2,Temperate Humid Transitional
Adiyaman,TUR_AD_Adiyaman.172650_TMYx.2009-2023.epw,37.75,38.283,672.0,35.05380434782609,40.3,20.883152173913043,1.3914402173913043,708.7880434782609,6.1,summer_sum_liquid_precipitation_depth,579.0,38733.5076923077,91005.72195330208,85640.80769230769,1.0626443678610504,1.0,4.0,3,Hot–Dry Inland
Agri,TUR_AG_Agri.170990_TMYx.2009-2023.epw,39.733,43.05,1632.0,26.819021739130434,32.425,38.06114130434783,2.5216032608695653,682.7010869565217,86.9,summer_sum_liquid_precipitation_depth,68.0,2354.2384615384617,89240.26614449108,6784.663461538462,13.15323400348222,1.0,4.0,0,Semi-Arid Plateau
Aksaray,TUR_AK_Aksaray.171920_TMYx.2009-2023.epw,38.37055,33.99861,961.0,28.13029891304348,34.525,26.47961956521739,2.4086956521739133,698.9388586956521,16.500000000000004,summer_sum_liquid_precipitation_depth,101.0,4752.392307692307,94417.05291309673,11978.817307692309,7.882001243350289,1.0,4.0,0,Semi-Arid Plateau
Aksehir,TUR_KO_Aksehir.172390_TMYx.2009-2023.epw,38.36889,31.42972,1002.0,27.308152173913044,34.0,33.869565217391305,1.5722826086956523,666.6032608695652,47.199999999999996,summer_sum_liquid_precipitation_depth,101.0,4328.059615384616,89435.86769370624,11094.790865384617,8.061068367925998,1.0,4.0,0,Semi-Arid Plateau
Amasya,TUR_AM_Amasya.170850_TMYx.2009-2023.epw,40.65,35.85,412.0,28.950135869565216,36.425,42.36141304347826,2.4017663043478263,579.0135869565217,47.9,summer_sum_liquid_precipitation_depth,195.0,8935.840384615385,78502.96684394719,21258.334134615383,3.692808963620493,1.0,4.0,2,Temperate Humid Transitional
Ankara-Esenboga.AP,TUR_AN_Ankara-Esenboga.AP.171280_TMYx.2009-2023.epw,40.128,32.995,952.5,26.89782608695652,33.125,30.380434782608695,3.8266304347826092,645.7255434782609,33.300000000000004,summer_sum_liquid_precipitation_depth,88.0,3537.628846153846,88444.8288810821,9370.060096153848,9.439088754338542,1.0,4.0,0,Semi-Arid Plateau
Ankara-Etimesgut.AP,TUR_AN_Ankara-Etimesgut.AP.171290_TMYx.2009-2023.epw,39.95,32.689,808.6,28.50733695652174,35.0,29.4375,3.580434782608697,660.0067934782609,18.8,summer_sum_liquid_precipitation_depth,177.0,7974.969230769231,89655.817470364,19148.51923076923,4.682127969785701,1.0,4.0,0,Semi-Arid Plateau
Antalya-Bolge,TUR_AL_Antalya-Bolge.173020_TMYx.2009-2023.epw,36.885,30.6829,47.0,30.529483695652175,36.725,44.46195652173913,2.590353260869566,702.0407608695652,20.900000000000002,summer_sum_liquid_precipitation_depth,214.0,10554.773076923077,92553.57113753956,24745.110576923078,3.7402771286806713,1.0,4.0,4,Humid Mediterranean Coastal
Ardahan,TUR_AR_Ardahan.170460_TMYx.2009-2023.epw,41.117,42.717,1829.0,21.178532608695654,28.2,53.70652173913044,1.5134510869565216,597.6195652173913,203.8,summer_sum_liquid_precipitation_depth,4.0,149.4230769230769,80392.45867538691,1807.298076923077,44.48212483701359,1.0,4.0,1,Humid Black Sea
Artvin,TUR_AV_Artvin.170450_TMYx.2009-2023.epw,41.183,41.817,628.0,24.180163043478263,32.7,62.63858695652174,3.191983695652174,548.0054347826087,271.4,summer_sum_liquid_precipitation_depth,48.0,1911.098076923077,73372.69532766294,5741.454326923077,12.779461639814935,1.0,4.0,1,Humid Black Sea
Aydin,TUR_AY_Aydin.172340_TMYx.2009-2023.epw,37.85,27.85,56.0,33.67336956521739,39.1,29.282608695652176,1.454076086956522,714.8410326086956,20.700000000000003,summer_sum_liquid_precipitation_depth,526.0,29139.790384615382,92236.75639055688,65335.89663461539,1.411731699442068,1.0,4.0,3,Hot–Dry Inland
Ayvalik,TUR_BU_Ayvalik.171750_TMYx.2009-2023.epw,39.3,26.7,4.0,30.02595108695652,34.5,54.71195652173913,2.943342391304349,711.6508152173913,1.6,summer_sum_liquid_precipitation_depth,198.0,6548.140384615385,94913.08990479523,16301.959134615387,5.822189168862404,1.0,4.0,4,Humid Mediterranean Coastal
Balikesir-Merkez.Havalimani.AP,TUR_BK_Balikesir-Merkez.Havalimani.AP.171500_TMYx.2009-2023.epw,39.617,27.917,103.6,29.752989130434777,35.0,40.80570652173913,6.201358695652175,669.0679347826087,35.3,summer_sum_liquid_precipitation_depth,201.0,8107.788461538462,90808.77248825988,19569.22596153846,4.640386526617675,1.0,4.0,5,Temperate / Windy Coastal
Bandirma.AP,TUR_BK_Bandirma.AP.171150_TMYx.2009-2023.epw,40.3162,27.9723,51.8,27.471875000000004,31.0,53.35733695652174,7.0601902173913045,640.8057065217391,33.0,summer_sum_liquid_precipitation_depth,22.0,698.4576923076922,89943.7253600363,3059.1201923076924,29.40182788051421,1.0,4.0,5,Temperate / Windy Coastal
Bartin,TUR_BR_Bartin.170200_TMYx.2009-2023.epw,41.633,32.333,33.0,27.366576086956524,31.0,62.38451086956522,2.198233695652174,610.9442934782609,63.0,summer_sum_liquid_precipitation_depth,6.0,186.64615384615382,83511.22858589087,1896.8461538461538,44.02635839314576,1.0,4.0,2,Temperate Humid Transitional
Batman.AP,TUR_BM_Batman.AP.172820_TMYx.2009-2023.epw,37.933,41.117,555.3,36.386141304347824,41.5,18.308423913043477,2.5332880434782608,745.0570652173913,11.700000000000001,summer_sum_liquid_precipitation_depth,631.0,48260.25576923077,92536.18223024215,105800.19951923075,0.8746314529720932,1.0,4.0,3,Hot–Dry Inland
Bayburt,TUR_BB_Bayburt.170890_TMYx.2009-2023.epw,40.25,40.233,1584.0,24.70665760869565,32.625,30.398097826086957,2.0230978260869565,687.8546195652174,40.900000000000006,summer_sum_liquid_precipitation_depth,49.0,2199.3980769230775,90669.47413299239,6348.079326923078,14.282977490286026,1.0,4.0,0,Semi-Arid Plateau
Bilecik,TUR_BC_Bilecik.171200_TMYx.2009-2023.epw,40.1502,29.9684,539.0,27.37744565217392,33.625,47.09375,2.4669836956521745,626.6861413043479,49.2,summer_sum_liquid_precipitation_depth,93.0,3998.7,84679.07796348978,10360.625,8.173163101983691,1.0,4.0,2,Temperate Humid Transitional
Bingol,TUR_BG_Bingol.172030_TMYx.2009-2023.epw,38.885,40.501,1177.0,31.193070652173912,36.5,21.297554347826086,1.0894021739130435,740.7853260869565,9.700000000000001,summer_sum_liquid_precipitation_depth,372.0,19565.463461538464,93700.57921794208,44465.38221153846,2.1072702978729243,1.0,4.0,3,Hot–Dry Inland
Bodrum,TUR_MG_Bodrum.172900_TMYx.2009-2023.epw,37.033,27.44,61.6,27.463858695652174,33.0,70.20652173913044,3.0646739130434786,738.65625,0.4,summer_sum_liquid_precipitation_depth,18.0,550.2634615384616,98777.60339358525,2726.3822115384614,36.23028457842173,1.0,4.0,4,Humid Mediterranean Coastal
Bolu,TUR_BL_Bolu.170700_TMYx.2009-2023.epw,40.7338,31.6016,743.0,24.815217391304348,31.924999999999997,56.41847826086956,2.0948369565217395,622.7228260869565,137.2,summer_sum_liquid_precipitation_depth,37.0,1327.5576923076924,85263.93352857228,4459.745192307692,19.11856616284674,1.0,4.0,2,Temperate Humid Transitional
Bozcaada,TUR_CK_Bozcaada.171110_TMYx.2009-2023.epw,39.833,26.067,30.0,26.03451086956522,29.0,57.422554347826086,6.509103260869565,713.8994565217391,7.8,summer_sum_liquid_precipitation_depth,0.0,0.0,98558.60278063621,1472.0,66.95557254119308,1.0,4.0,5,Temperate / Windy Coastal
Bursa.AP,TUR_BU_Bursa.AP.171160_TMYx.2009-2023.epw,40.2308,29.0133,100.0,28.83491847826087,34.95,51.83967391304348,3.3824728260869565,636.820652173913,81.99999999999999,summer_sum_liquid_precipitation_depth,166.0,6477.946153846155,85809.21442059075,15963.721153846154,5.3752639245967195,1.0,4.0,2,Temperate Humid Transitional
Canakkale,TUR_CK_Canakkale.171120_TMYx.2009-2023.epw,40.1414,26.3995,7.0,28.450135869565223,33.0,49.14809782608695,4.578940217391305,692.09375,44.60000000000001,summer_sum_liquid_precipitation_depth,123.0,4088.2673076923074,93931.2277677572,10727.223557692309,8.756341029212608,1.0,4.0,5,Temperate / Windy Coastal
Cankiri,TUR_CI_Cankiri.170800_TMYx.2009-2023.epw,40.6,33.617,751.0,28.505163043478266,36.824999999999996,32.047554347826086,2.0841032608695653,634.6684782608696,37.9,summer_sum_liquid_precipitation_depth,164.0,8683.090384615385,85935.75901404285,20545.771634615387,4.182649381211792,1.0,4.0,0,Semi-Arid Plateau
Cengiz-Topel.AP,TUR_KC_Cengiz-Topel.AP.172005_TMYx.2009-2023.epw,40.735,30.083,55.5,27.27296195652174,32.0,59.86820652173913,3.259646739130435,617.7948369565217,107.4,summer_sum_liquid_precipitation_depth,51.0,1658.7692307692307,84306.43462651597,5233.7692307692305,16.108168111593464,1.0,4.0,2,Temperate Humid Transitional
Cesme,TUR_IZ_Cesme.172210_TMYx.2009-2023.epw,38.30361,26.3725,5.0,28.304755434782606,31.2,56.8125,2.5629076086956526,743.3029891304348,2.3,summer_sum_liquid_precipitation_depth,10.0,311.6480769230769,98968.19278462941,2181.266826923077,45.371887365213,1.0,4.0,4,Humid Mediterranean Coastal
Cigli.AB,TUR_IZ_Cigli.AB.172180_TMYx.2009-2023.epw,38.513,27.014,4.9,32.07595108695652,37.0,37.50679347826087,5.93029891304348,718.414402173913,16.500000000000004,summer_sum_liquid_precipitation_depth,429.0,18512.186538461538,95749.4331110942,42613.05528846154,2.246950669529217,1.0,4.0,5,Temperate / Windy Coastal
Cihanbeyli,TUR_KO_Cihanbeyli.171910_TMYx.2009-2023.epw,38.65056,32.92195,969.0,29.13532608695652,34.824999999999996,27.55163043478261,2.858695652173913,696.6508152173913,8.200000000000001,summer_sum_liquid_precipitation_depth,139.0,6210.801923076923,93657.04536688516,15245.170673076924,6.143391069559105,1.0,4.0,0,Semi-Arid Plateau
Corlu,TUR_TG_Corlu.170540_TMYx.2009-2023.epw,41.133,27.917,160.0,27.65475543478261,32.0,51.108695652173914,6.918614130434783,646.0163043478261,29.7,summer_sum_liquid_precipitation_depth,58.0,1810.269230769231,89382.8993588662,5591.3942307692305,15.985798115789349,1.0,4.0,5,Temperate / Windy Coastal
Corum,TUR_CM_Corum.170840_TMYx.2009-2023.epw,40.5459,34.9364,776.0,27.009782608695648,33.5,37.96467391304348,2.6163043478260875,625.59375,39.2,summer_sum_liquid_precipitation_depth,85.0,3842.469230769231,85830.50686978831,9987.14423076923,8.5940990624081,1.0,4.0,0,Semi-Arid Plateau
Dalaman.AP,TUR_MG_Dalaman.AP.172950_TMYx.2009-2023.epw,36.723,28.79,6.1,29.751766304347825,34.25,56.53260869565217,5.843478260869567,715.8777173913044,30.4,summer_sum_liquid_precipitation_depth,148.0,5330.342307692308,96170.66360888557,13464.879807692309,7.1423336102818045,1.0,4.0,5,Temperate / Windy Coastal
Datca,TUR_MG_Datca.172970_TMYx.2009-2023.epw,36.70834,27.69194,28.0,27.94279891304348,32.0,76.18885869565217,3.266576086956522,743.7826086956521,0.2,summer_sum_liquid_precipitation_depth,3.0,92.19807692307693,99064.39207922656,1682.079326923077,58.89400725258237,1.0,4.0,4,Humid Mediterranean Coastal
Denizli,TUR_DN_Denizli.172370_TMYx.2009-2023.epw,37.7619,29.0919,425.0,31.914402173913043,37.4,26.875,1.674184782608696,699.8111413043479,23.5,summer_sum_liquid_precipitation_depth,388.0,20895.80769230769,90903.59477902132,47332.932692307695,1.9205147369580695,1.0,4.0,3,Hot–Dry Inland
Dikili,TUR_IZ_Dikili.171800_TMYx.2009-2023.epw,39.0739,26.8881,3.0,28.080434782608698,34.7,51.12228260869565,3.6091032608695657,719.3790760869565,12.200000000000001,summer_sum_liquid_precipitation_depth,82.0,3317.5096153846157,96927.86450027648,8875.478365384617,10.92086088320673,1.0,4.0,4,Humid Mediterranean Coastal
Diyarbakir.AP,TUR_DY_Diyarbakir.AP.172800_TMYx.2009-2023.epw,37.8967,40.2023,686.1,35.841983695652175,40.7,16.581521739130434,3.6698369565217392,743.71875,11.3,summer_sum_liquid_precipitation_depth,662.0,46292.67115384615,93297.97531191776,101887.06490384614,0.915699901650576,1.0,4.0,3,Hot–Dry Inland
Duzce,TUR_DU_Duzce.170720_TMYx.2009-2023.epw,40.833,31.167,146.0,26.69076086956522,33.5,62.34782608695652,1.3267663043478262,619.2989130434783,129.29999999999998,summer_sum_liquid_precipitation_depth,65.0,2518.748076923077,83800.25784371531,7109.391826923077,11.787261116536857,1.0,4.0,2,Temperate Humid Transitional
Edirne,TUR_ED_Edirne.170500_TMYx.2009-2023.epw,41.6766,26.5506,51.0,30.538994565217394,36.025,39.94701086956522,2.2479619565217392,620.6752717391304,48.0,summer_sum_liquid_precipitation_depth,275.0,11491.505769230771,82600.48748920333,27062.637019230773,3.052196555365511,1.0,4.0,0,Semi-Arid Plateau
Elazig.AP,TUR_EG_Elazig.AP.172020_TMYx.2009-2023.epw,38.606,39.297,892.1,32.803260869565214,38.0,23.07608695652174,3.8663043478260875,742.9103260869565,13.6,summer_sum_liquid_precipitation_depth,487.0,26084.048076923078,95126.22128712435,58735.76682692308,1.6195620901219043,1.0,4.0,3,Hot–Dry Inland
Erzincan.AP,TUR_EN_Erzincan.AP.170920_TMYx.2009-2023.epw,39.716,39.525,1153.1,27.02635869565217,35.0,31.960597826086957,2.627989130434783,688.7459239130435,67.80000000000001,summer_sum_liquid_precipitation_depth,192.0,8571.219230769231,90246.76530966774,20480.706730769234,4.406428278868195,1.0,4.0,0,Semi-Arid Plateau
Erzurum.Bolge,TUR_EM_Erzurum.Bolge.170950_TMYx.2009-2023.epw,39.9058,41.2544,1869.0,24.665353260869566,31.4,30.55570652173913,2.5468750000000004,695.6739130434783,77.19999999999999,summer_sum_liquid_precipitation_depth,17.0,591.051923076923,91778.14241112657,2805.358173076923,32.71530291280564,1.0,4.0,0,Semi-Arid Plateau
Eskisehir-Anadolu.AP,TUR_ES_Eskisehir-Anadolu.AP.172006_TMYx.2009-2023.epw,39.81,30.519,788.8,27.373233695652175,33.0,38.016304347826086,4.293070652173914,640.5244565217391,68.19999999999999,summer_sum_liquid_precipitation_depth,75.0,2980.9903846153848,86871.16843985145,8132.396634615385,10.682111601650865,1.0,4.0,0,Semi-Arid Plateau
Eskisehir.AB,TUR_ES_Eskisehir.AB.171240_TMYx.2009-2023.epw,39.781,30.58,786.7,27.24646739130435,33.0,36.23777173913044,3.338451086956522,653.3967391304348,41.2,summer_sum_liquid_precipitation_depth,82.0,3386.8442307692303,88383.86209397933,9019.92548076923,9.798735286939626,1.0,4.0,0,Semi-Arid Plateau
Fethiye,TUR_MG_Fethiye.172960_TMYx.2009-2023.epw,36.62666,29.12389,3.0,32.75135869565217,37.5,42.67798913043478,2.351358695652174,712.1046195652174,10.3,summer_sum_liquid_precipitation_depth,457.0,20258.50384615385,92481.66386868566,46419.216346153844,1.9923141997710268,1.0,4.0,3,Hot–Dry Inland
Gaziantep-Oguzeli.AP,TUR_GA_Gaziantep-Oguzeli.AP.172600_TMYx.2009-2023.epw,36.947,37.471,705.6,33.69225543478261,39.925,21.98913043478261,4.054619565217392,686.1426630434783,13.300000000000002,summer_sum_liquid_precipitation_depth,518.0,31592.694230769233,90931.89530383433,70398.11298076922,1.2916808626486105,1.0,4.0,3,Hot–Dry Inland
Giresun,TUR_GI_Giresun.170340_TMYx.2009-2023.epw,40.917,38.383,37.0,25.65149456521739,29.2,68.80570652173913,1.8005434782608696,568.7214673913044,174.39999999999998,summer_sum_liquid_precipitation_depth,0.0,0.0,76266.46788530427,1472.0,51.81145916121214,1.0,4.0,1,Humid Black Sea
Gokceada.AP,TUR_CK_Gokceada.AP.171100_TMYx.2009-2023.epw,40.203,25.884,72.0,27.760733695652174,32.3,60.84782608695652,4.365896739130435,664.1535326086956,13.4,summer_sum_liquid_precipitation_depth,21.0,634.7249999999999,93333.21339878943,2920.34375,31.959666870994017,1.0,4.0,5,Temperate / Windy Coastal
Golcuk-Dumlupinar,TUR_KC_Golcuk-Dumlupinar.170670_TMYx.2009-2023.epw,40.7267,29.8067,18.0,28.97921195652174,33.2,51.02173913043478,2.866711956521739,641.9429347826087,54.2,summer_sum_liquid_precipitation_depth,120.0,4221.900000000001,86882.90242669832,10987.625,7.907341434267944,1.0,4.0,2,Temperate Humid Transitional
Gumushane,TUR_GU_Gumushane.170880_TMYx.2009-2023.epw,40.467,39.467,1219.0,22.79361413043478,30.625,52.47010869565217,3.172554347826087,631.21875,227.6,summer_sum_liquid_precipitation_depth,28.0,1195.7423076923078,84470.87647386,4131.1298076923085,20.447403109089496,1.0,4.0,1,Humid Black Sea
Hakkari,TUR_HK_Hakkari.172850_TMYx.2009-2023.epw,37.57444,43.73889,1728.0,27.10733695652174,33.0,27.941576086956523,2.010733695652174,725.7391304347826,20.599999999999998,summer_sum_liquid_precipitation_depth,122.0,4394.555769230769,93173.23727104308,11359.32451923077,8.20235720119673,1.0,4.0,0,Semi-Arid Plateau
Hatay,TUR_HT_Hatay.173725_TMYx.2009-2023.epw,36.365,36.284,267.0,31.66236413043478,35.0,47.817934782608695,9.11875,669.9972826086956,4.8,summer_sum_liquid_precipitation_depth,418.0,14839.413461538463,91926.30934531154,34895.44471153846,2.634335515859334,1.0,4.0,5,Temperate / Windy Coastal
Igdir.Airport,TUR_IG_Igdir.Airport.171001_TMYx.2009-2023.epw,39.983,43.867,946.0,30.757472826086957,36.0,31.97961956521739,3.545652173913044,690.3682065217391,62.8,summer_sum_liquid_precipitation_depth,310.0,12546.490384615385,89452.98122766445,29470.521634615383,3.03533755990919,1.0,4.0,0,Semi-Arid Plateau
Inebolu,TUR_KS_Inebolu.170240_TMYx.2009-2023.epw,41.9789,33.7629,64.0,25.12975543478261,29.0,73.54891304347827,3.4264945652173915,598.0027173913044,27.1,summer_sum_liquid_precipitation_depth,0.0,0.0,82981.04323106856,1472.0,56.37299132545418,1.0,4.0,2,Temperate Humid Transitional
Iskenderun,TUR_HT_Iskenderun.173700_TMYx.2009-2023.epw,36.5924,36.1582,7.6,29.97228260869565,32.2,61.87771739130435,3.2404891304347827,662.5516304347826,8.2,summer_sum_liquid_precipitation_depth,63.0,1948.8461538461538,89315.4939990489,5910.096153846154,15.11235886423344,1.0,4.0,4,Humid Mediterranean Coastal
Isparta-Suleyman.Demirel.Univ.AP,TUR_IP_Isparta-Suleyman.Demirel.Univ.AP.172410_TMYx.2009-2023.epw,37.855,30.368,864.1,29.425271739130434,34.0,32.15760869565217,4.57092391304348,694.8410326086956,36.2,summer_sum_liquid_precipitation_depth,232.0,8863.621153846154,93113.96934003275,21329.877403846152,4.365424497153588,1.0,4.0,0,Semi-Arid Plateau
Istanbul-Ataturk.AP,TUR_IB_Istanbul-Ataturk.AP.170600_TMYx.2009-2023.epw,40.967,28.817,49.7,27.585326086956517,32.0,58.49048913043478,5.8894021739130435,630.539402173913,26.800000000000004,summer_sum_liquid_precipitation_depth,35.0,1062.6173076923076,87251.3184881131,3895.7860576923076,22.39633213837131,1.0,4.0,5,Temperate / Windy Coastal
Istanbul.Bolge.Kartal-Goztepe,TUR_IB_Istanbul.Bolge.Kartal-Goztepe.170640_TMYx.2009-2023.epw,40.90149,29.15247,18.0,28.039945652173916,32.824999999999996,59.07201086956522,2.069429347826087,623.3817934782609,31.599999999999998,summer_sum_liquid_precipitation_depth,78.0,2523.5653846153846,84476.93863283648,7197.427884615385,11.737101084876066,1.0,4.0,2,Temperate Humid Transitional
Izmir-Guzelyali,TUR_IZ_Izmir-Guzelyali.172200_TMYx.2009-2023.epw,38.3945,27.0821,29.0,30.83763586956522,35.125,35.67934782608695,3.7504076086956526,724.7853260869565,17.200000000000003,summer_sum_liquid_precipitation_depth,277.0,11392.517307692307,96169.6306188553,26868.41105769231,3.579282392708606,1.0,4.0,4,Humid Mediterranean Coastal
Izmit,TUR_KC_Izmit.170661_TMYx.2009-2023.epw,40.767,29.9,76.0,28.717934782608697,35.2,57.41711956521739,2.0464673913043483,613.53125,104.6,summer_sum_liquid_precipitation_depth,122.0,4931.786538461539,82969.61620347566,12478.555288461539,6.648976126282392,1.0,4.0,2,Temperate Humid Transitional
Kahramanmaras,TUR_KM_Kahramanmaras.172550_TMYx.2009-2023.epw,37.6,36.933,721.0,33.707880434782616,40.324999999999996,23.925271739130434,4.248641304347826,676.3478260869565,9.299999999999999,summer_sum_liquid_precipitation_depth,502.0,30356.019230769234,89299.85721714591,67725.70673076923,1.3185518694126093,1.0,4.0,3,Hot–Dry Inland
Kapodokya.AP,TUR_NV_Kapodokya.AP.171940_TMYx.2009-2023.epw,38.767,34.533,945.0,28.962364130434782,36.0,27.127717391304348,4.0801630434782625,683.2798913043479,15.0,summer_sum_liquid_precipitation_depth,178.0,8214.98076923077,93072.30565105865,19654.54326923077,4.735409232162802,1.0,4.0,0,Semi-Arid Plateau
Karabuk,TUR_KB_Karabuk.170780_TMYx.2009-2023.epw,41.2,32.633,259.0,26.576222826086955,34.1,51.39945652173913,2.0111413043478263,599.335597826087,124.30000000000001,summer_sum_liquid_precipitation_depth,105.0,4046.659615384615,81635.76960625162,10532.540865384615,7.750814418821677,1.0,4.0,2,Temperate Humid Transitional
Karaman,TUR_KR_Karaman.172460_TMYx.2009-2023.epw,37.19306,33.22028,1023.0,27.528396739130436,32.824999999999996,27.13451086956522,2.680842391304348,712.3953804347826,24.200000000000003,summer_sum_liquid_precipitation_depth,80.0,3178.223076923077,95881.40784797569,8573.298076923078,11.183724978146,1.0,4.0,0,Semi-Arid Plateau
Kars.AP,TUR_KA_Kars.AP.170980_TMYx.2009-2023.epw,40.564,43.112,1795.0,23.21997282608696,29.0,44.61548913043478,4.326494565217391,657.7663043478261,92.7,summer_sum_liquid_precipitation_depth,1.0,30.0,88388.37247430347,1540.5,57.37641835397823,1.0,4.0,2,Temperate Humid Transitional
Kastamonu,TUR_KS_Kastamonu.170740_TMYx.2009-2023.epw,41.367,33.783,800.0,25.319565217391304,31.424999999999997,42.266304347826086,2.211820652173913,592.5217391304348,91.80000000000001,summer_sum_liquid_precipitation_depth,28.0,1099.2346153846154,81466.24527398347,3930.0721153846152,20.72894412168078,1.0,4.0,2,Temperate Humid Transitional
Kilis,TUR_KI_Kilis.172620_TMYx.2009-2023.epw,36.717,37.117,638.0,33.35176630434783,37.7,25.532608695652176,2.739538043478261,684.1453804347826,5.700000000000001,summer_sum_liquid_precipitation_depth,501.0,26486.72307692308,90248.29953157326,59658.67307692308,1.5127439964212468,1.0,4.0,3,Hot–Dry Inland
Kirikkale,TUR_KK_Kirikkale.171350_TMYx.2009-2023.epw,39.8433,33.5181,748.0,29.162092391304352,36.0,27.52173913043478,2.362092391304348,659.101902173913,26.3,summer_sum_liquid_precipitation_depth,172.0,8902.978846153846,88988.62169958235,21051.872596153844,4.227111925227995,1.0,4.0,0,Semi-Arid Plateau
Kirklareli,TUR_KL_Kirklareli.170520_TMYx.2009-2023.epw,41.733,27.233,232.0,28.478804347826085,33.0,45.97690217391305,2.229347826086957,631.258152173913,67.1,summer_sum_liquid_precipitation_depth,91.0,3098.584615384616,85041.21248422927,8473.384615384615,10.03627432771375,1.0,4.0,2,Temperate Humid Transitional
Kirsehir,TUR_KH_Kirsehir.171600_TMYx.2009-2023.epw,39.1644,34.1558,1007.0,27.898369565217397,34.9,30.005434782608695,3.124320652173913,673.3546195652174,32.4,summer_sum_liquid_precipitation_depth,110.0,5441.7750000000015,91730.5171593769,13469.03125,6.810476229266816,1.0,4.0,0,Semi-Arid Plateau
Konya-Eregli,TUR_KO_Konya-Eregli.172480_TMYx.2009-2023.epw,37.52555,34.04861,1044.0,28.63220108695652,34.625,24.324728260869566,1.8264945652173912,710.5625,18.499999999999996,summer_sum_liquid_precipitation_depth,147.0,6539.919230769233,95069.05435637065,15978.831730769234,5.949687433863097,1.0,4.0,0,Semi-Arid Plateau
Konya.AP,TUR_KO_Konya.AP.172440_TMYx.2009-2023.epw,37.984,32.574,1030.5,27.70828804347826,34.0,27.1875,4.667934782608696,685.8641304347826,41.300000000000004,summer_sum_liquid_precipitation_depth,111.0,4735.488461538463,93310.81996449486,12003.600961538461,7.773568970134736,1.0,4.0,0,Semi-Arid Plateau
Kumkoy,TUR_IB_Kumkoy.170590_TMYx.2009-2023.epw,41.25,29.033,30.0,26.83478260869565,30.6,63.96603260869565,2.1239130434782614,646.1114130434783,38.7,summer_sum_liquid_precipitation_depth,0.0,0.0,88159.56040992477,1472.0,59.891005713264114,1.0,4.0,2,Temperate Humid Transitional
Kusadasi,TUR_AY_Kusadasi.172320_TMYx.2009-2023.epw,37.85972,27.26528,22.0,29.438858695652176,34.925,41.55298913043478,2.255163043478261,723.9334239130435,5.6,summer_sum_liquid_precipitation_depth,168.0,7015.898076923077,95620.74933881639,17096.454326923078,5.593016394530132,1.0,4.0,4,Humid Mediterranean Coastal
Kutahya,TUR_KU_Kutahya.171550_TMYx.2009-2023.epw,39.417,29.967,969.0,26.233695652173914,33.5,39.58695652173913,2.1729619565217395,656.398097826087,77.6,summer_sum_liquid_precipitation_depth,70.0,3247.7076923076925,88381.79941020899,8658.057692307693,10.208040019037107,1.0,4.0,0,Semi-Arid Plateau
Malatya-Bolge,TUR_ML_Malatya-Bolge.171990_TMYx.2009-2023.epw,38.35,38.31667,948.0,30.958695652173912,37.425,21.065217391304348,2.8264945652173914,745.6453804347826,9.3,summer_sum_liquid_precipitation_depth,334.0,17151.323076923076,95660.91603121514,39207.92307692308,2.439836352553932,1.0,4.0,3,Hot–Dry Inland
Manisa,TUR_MN_Manisa.171860_TMYx.2009-2023.epw,38.617,27.433,71.0,31.879347826086956,37.824999999999996,34.11141304347826,1.6980978260869564,711.7214673913044,19.8,summer_sum_liquid_precipitation_depth,372.0,18740.907692307694,92941.77229951568,42747.557692307695,2.174200757116945,1.0,4.0,3,Hot–Dry Inland
Manisa.Industrial.Park,TUR_MN_Manisa.Industrial.Park.171865_TMYx.2009-2023.epw,38.633,27.35,73.5,28.61657608695652,34.025,35.96195652173913,4.519429347826088,712.7377717391304,24.2,summer_sum_liquid_precipitation_depth,120.0,4700.6826923076915,95954.79471260989,11985.088942307691,8.006181278629217,1.0,4.0,0,Semi-Arid Plateau
Mardin,TUR_MR_Mardin.172750_TMYx.2009-2023.epw,37.31028,40.72833,1050.0,33.72459239130435,37.3,17.845108695652176,3.4201086956521745,749.414402173913,2.4,summer_sum_liquid_precipitation_depth,564.0,30931.407692307694,94525.79247166794,69296.4326923077,1.3640787671045704,1.0,4.0,3,Hot–Dry Inland
Marmaris,TUR_MG_Marmaris.172980_TMYx.2009-2023.epw,36.83944,28.24528,16.0,32.34782608695652,37.2,52.88179347826087,2.512228260869566,722.2350543478261,14.200000000000001,summer_sum_liquid_precipitation_depth,428.0,16592.411538461536,94031.86049348852,38607.52403846154,2.43558381003175,1.0,4.0,4,Humid Mediterranean Coastal
Mersin,TUR_IC_Mersin.173400_TMYx.2009-2023.epw,36.78083,34.60305,3.0,30.475951086956524,33.1,60.83967391304348,1.9289402173913044,654.3872282608696,31.4,summer_sum_liquid_precipitation_depth,201.0,6233.451923076922,87266.7446327988,15664.358173076922,5.5710386387096476,1.0,4.0,4,Humid Mediterranean Coastal
Milas-Bodrum.Intl.AP,TUR_MG_Milas-Bodrum.Intl.AP.172910_TMYx.2009-2023.epw,37.251,27.664,11.0,33.02853260869565,39.0,37.63858695652174,6.14850543478261,729.3804347826087,8.0,summer_sum_liquid_precipitation_depth,487.0,23463.213461538464,96609.14944807797,53275.69471153847,1.8133813171497568,1.0,4.0,3,Hot–Dry Inland
Mugla,TUR_MG_Mugla.172920_TMYx.2009-2023.epw,37.2094,28.3669,646.0,31.376086956521743,36.625,32.37771739130435,2.0028532608695655,715.3682065217391,47.099999999999994,summer_sum_liquid_precipitation_depth,398.0,19027.58653846154,93247.99699335653,43500.80528846154,2.143592431795516,1.0,4.0,3,Hot–Dry Inland
Mus,TUR_MS_Mus.172040_TMYx.2009-2023.epw,38.75083,41.50222,1320.0,29.022418478260864,34.25,24.91711956521739,0.6717391304347826,743.8301630434783,17.5,summer_sum_liquid_precipitation_depth,198.0,8301.253846153846,94653.75049720539,19954.278846153848,4.743531511560977,1.0,4.0,0,Semi-Arid Plateau
Nevsehir,TUR_NV_Nevsehir.171930_TMYx.2009-2023.epw,38.61639,34.7025,1260.0,25.885733695652174,32.725,30.46195652173913,2.297554347826087,671.8016304347826,23.5,summer_sum_liquid_precipitation_depth,51.0,2138.3999999999996,91957.13344452454,6233.0,14.753270246193575,1.0,4.0,0,Semi-Arid Plateau
Nigde,TUR_NG_Nigde.172500_TMYx.2009-2023.epw,37.9585,34.6796,1210.0,26.81399456521739,32.525,29.214673913043477,2.8703804347826094,693.6970108695652,46.5,summer_sum_liquid_precipitation_depth,60.0,2216.9942307692304,94273.71173384314,6450.737980769231,14.614407222071247,1.0,4.0,0,Semi-Arid Plateau
Ordu,TUR_OR_Ordu.170330_TMYx.2009-2023.epw,40.98389,37.88583,4.0,25.77758152173913,29.225,69.5475543478261,1.7163043478260867,567.8627717391304,116.4,summer_sum_liquid_precipitation_depth,0.0,0.0,77688.69525885327,1472.0,52.777646235634016,1.0,4.0,1,Humid Black Sea
Osmaniye,TUR_OS_Osmaniye.173550_TMYx.2009-2023.epw,37.10222,36.25389,94.0,31.544157608695652,36.2,43.54347826086956,3.6879076086956526,669.9619565217391,9.4,summer_sum_liquid_precipitation_depth,353.0,14395.113461538462,89637.17242552555,33579.81971153847,2.6693762264222354,1.0,4.0,4,Humid Mediterranean Coastal
Rize,TUR_RI_Rize.170400_TMYx.2009-2023.epw,41.033,40.517,9.0,24.793478260869566,29.225,71.62364130434783,1.1028532608695651,515.8451086956521,200.6,summer_sum_liquid_precipitation_depth,0.0,0.0,68504.53010478678,1472.0,46.538403603795366,1.0,4.0,1,Humid Black Sea
Sabiha-Gokcen.Intl.AP,TUR_IB_Sabiha-Gokcen.Intl.AP.170630_TMYx.2009-2023.epw,40.898,29.303,99.0,27.478668478260875,32.025,57.51766304347826,6.041576086956522,621.5217391304348,39.5,summer_sum_liquid_precipitation_depth,63.0,2050.3384615384616,85780.21436852196,6121.538461538462,14.012852309509745,1.0,4.0,5,Temperate / Windy Coastal
Samsun,TUR_SS_Samsun.170300_TMYx.2009-2023.epw,41.3439,36.2562,4.0,25.747146739130436,29.0,65.2350543478261,2.4536684782608695,563.1508152173913,74.0,summer_sum_liquid_precipitation_depth,6.0,186.7153846153846,77995.50353165946,1896.9903846153848,41.11539213071608,1.0,4.0,2,Temperate Humid Transitional
Sanliurfa,TUR_SU_Sanliurfa.172700_TMYx.2009-2023.epw,37.1604,38.7867,549.0,35.818070652173915,40.125,20.28804347826087,1.918342391304348,721.6073369565217,5.0,summer_sum_liquid_precipitation_depth,629.0,43714.36153846154,92527.56142883495,96317.58653846155,0.9606507467033223,1.0,4.0,3,Hot–Dry Inland
Sanliurfa.GAP.AP,TUR_SU_Sanliurfa.GAP.AP.172710_TMYx.2009-2023.epw,37.445,38.904,822.0,33.439266304347825,38.225,19.77445652173913,4.46358695652174,710.2364130434783,3.3000000000000003,summer_sum_liquid_precipitation_depth,534.0,31258.88653846154,93409.63521473712,69798.68028846153,1.3382722256165456,1.0,4.0,3,Hot–Dry Inland
Sariyer,TUR_IB_Sariyer.170610_TMYx.2009-2023.epw,41.133,29.067,58.0,25.892527173913045,30.1,66.92934782608695,5.5254076086956525,640.4157608695652,30.8,summer_sum_liquid_precipitation_depth,4.0,128.0480769230769,89091.06267106393,1762.766826923077,50.54046928405901,1.0,4.0,5,Temperate / Windy Coastal
Siirt,TUR_SI_Siirt.172100_TMYx.2009-2023.epw,37.93195,41.93528,896.0,34.51548913043479,38.7,17.316576086956523,1.8763586956521738,746.1929347826087,8.6,summer_sum_liquid_precipitation_depth,593.0,38617.29807692308,93045.81804737634,85482.70432692309,1.0884753679706787,1.0,4.0,3,Hot–Dry Inland
Silifke,TUR_IC_Silifke.173300_TMYx.2009-2023.epw,36.3821,33.9366,15.0,31.794972826086955,34.625,55.84646739130435,1.2133152173913044,680.8301630434783,47.5,summer_sum_liquid_precipitation_depth,403.0,13611.657692307692,89464.73044595604,32247.620192307695,2.7743048917233537,1.0,4.0,4,Humid Mediterranean Coastal
Sinop,TUR_SP_Sinop.170260_TMYx.2009-2023.epw,42.0297,35.1543,32.0,25.614266304347826,29.0,69.23097826086956,3.5540760869565227,589.9809782608696,39.7,summer_sum_liquid_precipitation_depth,0.0,0.0,82500.43633680364,1472.0,56.04649207663291,1.0,4.0,2,Temperate Humid Transitional
Sirnak,TUR_SR_Sirnak.172821_TMYx.2009-2023.epw,37.51639,42.46111,1351.0,37.567119565217396,42.0,17.283967391304348,4.09741847826087,750.9239130434783,2.0,summer_sum_liquid_precipitation_depth,665.0,55215.04615384616,93177.25449016833,120493.34615384616,0.7732979244447192,1.0,4.0,3,Hot–Dry Inland
Sivas,TUR_SV_Sivas.170900_TMYx.2009-2023.epw,39.7438,37.002,1595.9,25.51684782608696,32.5,32.514945652173914,2.001358695652174,643.2255434782609,26.1,summer_sum_liquid_precipitation_depth,52.0,2123.3307692307694,88543.63712146197,6207.6057692307695,14.263733943986278,1.0,4.0,0,Semi-Arid Plateau
Tatvan,TUR_BT_Tatvan.172050_TMYx.2009-2023.epw,38.483,42.3,1665.0,24.867934782608696,30.8,33.85597826086956,2.1054347826086954,717.5842391304348,18.9,summer_sum_liquid_precipitation_depth,14.0,522.4096153846153,93956.85989390513,2644.3533653846152,35.531128752998306,1.0,4.0,0,Semi-Arid Plateau
Tekirdag,TUR_TG_Tekirdag.170560_TMYx.2009-2023.epw,40.958,27.496,3.0,27.030842391304343,30.4,56.41440217391305,3.8870923913043485,640.9157608695652,31.900000000000006,summer_sum_liquid_precipitation_depth,4.0,124.43076923076922,87785.68585321518,1755.2307692307693,50.013757388544015,1.0,4.0,2,Temperate Humid Transitional
Tokat,TUR_TT_Tokat.170860_TMYx.2009-2023.epw,40.3311,36.5578,608.0,27.874864130434784,36.0,44.92934782608695,2.944157608695653,585.8315217391304,55.5,summer_sum_liquid_precipitation_depth,150.0,6903.640384615385,79874.0324166702,16754.584134615383,4.767294238694262,1.0,4.0,2,Temperate Humid Transitional
Trabzon.AP,TUR_TB_Trabzon.AP.170380_TMYx.2009-2023.epw,40.995,39.783,31.7,25.32078804347826,28.0,72.17798913043478,3.2766304347826094,523.2554347826087,154.0,summer_sum_liquid_precipitation_depth,0.0,0.0,71965.09398382436,1472.0,48.8893301520546,1.0,4.0,1,Humid Black Sea
Tunceli,TUR_TC_Tunceli.171650_TMYx.2009-2023.epw,39.117,39.55,981.0,31.18573369565217,36.5,23.983695652173914,1.6726902173913043,738.3600543478261,22.4,summer_sum_liquid_precipitation_depth,341.0,17402.273076923077,94191.5831978973,39772.73557692308,2.368245025935533,1.0,4.0,3,Hot–Dry Inland
Usak,TUR_US_Usak.171880_TMYx.2009-2023.epw,38.683,29.4,919.0,28.35760869565217,35.0,28.375,4.608288043478262,679.3885869565217,24.300000000000004,summer_sum_liquid_precipitation_depth,197.0,8126.907692307694,91544.2599947378,19585.057692307695,4.674188936941099,1.0,4.0,0,Semi-Arid Plateau
Van.Feritmelen.AP,TUR_VA_Van.Feritmelen.AP.171700_TMYx.2009-2023.epw,38.468,43.332,1670.3,24.746603260869566,28.775,32.94429347826087,3.667798913043479,714.429347826087,30.1,summer_sum_liquid_precipitation_depth,0.0,0.0,94347.37627317941,1472.0,64.09468496819254,1.0,4.0,0,Semi-Arid Plateau
Yalova,TUR_YL_Yalova.171190_TMYx.2009-2023.epw,40.667,29.283,4.0,27.175543478260867,31.9,62.35461956521739,2.0536684782608696,618.2010869565217,64.8,summer_sum_liquid_precipitation_depth,36.0,1207.1596153846153,83938.73041029756,4202.915865384615,19.971546683011272,1.0,4.0,2,Temperate Humid Transitional
Yozgat,TUR_YZ_Yozgat.171400_TMYx.2009-2023.epw,39.817,34.8,1298.0,24.76807065217391,31.525,35.11548913043478,2.1959239130434782,640.3600543478261,35.9,summer_sum_liquid_precipitation_depth,31.0,1455.651923076923,88257.37475370348,4690.608173076923,18.81576364879116,1.0,4.0,0,Semi-Arid Plateau
Zonguldak,TUR_ZO_Zonguldak.170220_TMYx.2009-2023.epw,41.4495,31.7785,137.0,24.45434782608696,28.2,70.90625,2.3017663043478267,626.0584239130435,58.10000000000001,summer_sum_liquid_precipitation_depth,0.0,0.0,86656.01329849158,1472.0,58.869574251692654,1.0,4.0,2,Temperate Humid Transitional
