archetype,scenario,parameter,direction,n_cities,mean_misting_hours_h,mean_water_use_L_per_module,mean_pv_energy_Wh,mean_load_energy_Wh,mean_autonomy_ratio,baseline_misting_hours_h,baseline_water_use_L_per_module,baseline_load_energy_Wh,baseline_autonomy_ratio,pct_change_misting_hours,pct_change_water_use,pct_change_load_energy,pct_change_autonomy
Hot–Dry Inland,Baseline,Baseline,baseline,21,501.9047619047619,30151.799450549453,92909.82031972348,67299.67742673993,1.5472083995963668,501.9047619047619,30151.799450549453,67299.67742673993,1.5472083995963668,0.0,0.0,0.0,0.0
Hot–Dry Inland,Flow_minus10pct,Water flow rate,-10%,21,501.9047619047619,27136.619505494506,92909.82031972348,67299.67742673993,1.5472083995963668,501.9047619047619,30151.799450549453,67299.67742673993,1.5472083995963668,0.0,-10.000000000000007,0.0,0.0
Hot–Dry Inland,Flow_plus10pct,Water flow rate,+10%,21,501.9047619047619,33166.979395604394,92909.82031972348,67299.67742673993,1.5472083995963668,501.9047619047619,30151.799450549453,67299.67742673993,1.5472083995963668,0.0,9.999999999999984,0.0,0.0
Hot–Dry Inland,Gmin_minus10pct,Gmin,-10%,21,502.9047619047619,30205.925549450552,92909.82031972348,67418.44013278389,1.5449062623401477,501.9047619047619,30151.799450549453,67299.67742673993,1.5472083995963668,0.19924098671726753,0.17951200222682745,0.17646846253198809,-0.1487929652411182
Hot–Dry Inland,Gmin_plus10pct,Gmin,+10%,21,499.6666666666667,30041.30824175824,92909.82031972348,67056.05883699634,1.5525815240233338,501.9047619047619,30151.799450549453,67299.67742673993,1.5472083995963668,-0.4459203036053136,-0.36644980002743777,-0.3619907242628141,0.34727864897636
Hot–Dry Inland,PVarea_2m2,PV area design,2 m²,21,501.9047619047619,30151.799450549453,185819.64063944697,67299.67742673993,3.0944167991927336,501.9047619047619,30151.799450549453,67299.67742673993,1.5472083995963668,0.0,0.0,0.0,100.00000000000001
Hot–Dry Inland,PVarea_3m2,PV area design,3 m²,21,501.9047619047619,30151.799450549453,278729.4609591705,67299.67742673993,4.6416251987891,501.9047619047619,30151.799450549453,67299.67742673993,1.5472083995963668,0.0,0.0,0.0,199.99999999999997
Hot–Dry Inland,PVarea_minus10pct,PV area,-10%,21,501.9047619047619,30151.799450549453,83618.83828775113,67299.67742673993,1.3924875596367299,501.9047619047619,30151.799450549453,67299.67742673993,1.5472083995963668,0.0,0.0,0.0,-10.000000000000016
Hot–Dry Inland,PVarea_plus10pct,PV area,+10%,21,501.9047619047619,30151.799450549453,102200.80235169583,67299.67742673993,1.7019292395560033,501.9047619047619,30151.799450549453,67299.67742673993,1.5472083995963668,0.0,0.0,0.0,9.999999999999986
Hot–Dry Inland,Pump_minus10pct,Pump power,-10%,21,501.9047619047619,30151.799450549453,92909.82031972348,61018.052541208795,1.7047766689484671,501.9047619047619,30151.799450549453,67299.67742673993,1.5472083995963668,0.0,0.0,-9.33381128367085,10.184036577955915
Hot–Dry Inland,Pump_plus10pct,Pump power,+10%,21,501.9047619047619,30151.799450549453,92909.82031972348,73581.30231227107,1.4163073837372306,501.9047619047619,30151.799450549453,67299.67742673993,1.5472083995963668,0.0,0.0,9.33381128367086,-8.460464401129505
Hot–Dry Inland,RHmax_minus10pct,RHmax,-10%,21,500.8095238095238,29471.864926739927,92909.82031972348,65876.57574023199,1.5829805423329173,501.9047619047619,30151.799450549453,67299.67742673993,1.5472083995963668,-0.21821631878558576,-2.2550379619122074,-2.1145743054371726,2.3120442434181894
Hot–Dry Inland,RHmax_plus10pct,RHmax,+10%,21,502.0952380952381,30687.26810689311,92909.82031972348,68416.37998459874,1.521334788468226,501.9047619047619,30151.799450549453,67299.67742673993,1.5472083995963668,0.03795066413661376,1.775909451844996,1.6592985294385854,-1.6722770594375431
Hot–Dry Inland,Tset_minus10pct,Tset,-10%,21,635.1904761904761,45506.61868131868,92909.82031972348,100088.59844322343,0.9717345158044473,501.9047619047619,30151.799450549453,67299.67742673993,1.5472083995963668,26.555977229601503,50.925050944146605,48.72076995045981,-37.194335549241345
Hot–Dry Inland,Tset_plus10pct,Tset,+10%,21,271.2857142857143,13659.76318681318,92909.82031972348,31557.554258241744,4.078063297350013,501.9047619047619,30151.799450549453,67299.67742673993,1.5472083995963668,-45.948766603415564,-54.69668996301228,-53.108907107921596,163.57556605909662
Humid Black Sea,Baseline,Baseline,baseline,7,11.428571428571429,465.18049450549455,76094.40252995408,2509.6974587912086,39.67511839123059,11.428571428571429,465.18049450549455,2509.6974587912086,39.67511839123059,0.0,0.0,0.0,0.0
Humid Black Sea,Flow_minus10pct,Water flow rate,-10%,7,11.428571428571429,418.6624450549451,76094.40252995408,2509.6974587912086,39.67511839123059,11.428571428571429,465.18049450549455,2509.6974587912086,39.67511839123059,0.0,-9.999999999999993,0.0,0.0
Humid Black Sea,Flow_plus10pct,Water flow rate,+10%,7,11.428571428571429,511.698543956044,76094.40252995408,2509.6974587912086,39.67511839123059,11.428571428571429,465.18049450549455,2509.6974587912086,39.67511839123059,0.0,9.999999999999993,0.0,0.0
Humid Black Sea,Gmin_minus10pct,Gmin,-10%,7,11.428571428571429,465.18049450549455,76094.40252995408,2509.6974587912086,39.67511839123059,11.428571428571429,465.18049450549455,2509.6974587912086,39.67511839123059,0.0,0.0,0.0,0.0
Humid Black Sea,Gmin_plus10pct,Gmin,+10%,7,11.428571428571429,465.18049450549455,76094.40252995408,2509.6974587912086,39.67511839123059,11.428571428571429,465.18049450549455,2509.6974587912086,39.67511839123059,0.0,0.0,0.0,0.0
Humid Black Sea,PVarea_2m2,PV area design,2 m²,7,11.428571428571429,465.18049450549455,152188.80505990816,2509.6974587912086,79.35023678246118,11.428571428571429,465.18049450549455,2509.6974587912086,39.67511839123059,0.0,0.0,0.0,100.0
Humid Black Sea,PVarea_3m2,PV area design,3 m²,7,11.428571428571429,465.18049450549455,228283.20758986223,2509.6974587912086,119.02535517369178,11.428571428571429,465.18049450549455,2509.6974587912086,39.67511839123059,0.0,0.0,0.0,200.00000000000003
Humid Black Sea,PVarea_minus10pct,PV area,-10%,7,11.428571428571429,465.18049450549455,68484.96227695867,2509.6974587912086,35.707606552107535,11.428571428571429,465.18049450549455,2509.6974587912086,39.67511839123059,0.0,0.0,0.0,-9.999999999999991
Humid Black Sea,PVarea_plus10pct,PV area,+10%,7,11.428571428571429,465.18049450549455,83703.84278294949,2509.6974587912086,43.64263023035365,11.428571428571429,465.18049450549455,2509.6974587912086,39.67511839123059,0.0,0.0,0.0,10.000000000000009
Humid Black Sea,Pump_minus10pct,Pump power,-10%,7,11.428571428571429,465.18049450549455,76094.40252995408,2412.784855769231,40.109972143011156,11.428571428571429,465.18049450549455,2509.6974587912086,39.67511839123059,0.0,0.0,-3.86152532778415,1.0960364314292286
Humid Black Sea,Pump_plus10pct,Pump power,+10%,7,11.428571428571429,465.18049450549455,76094.40252995408,2606.610061813187,39.28300055659747,11.428571428571429,465.18049450549455,2509.6974587912086,39.67511839123059,0.0,0.0,3.861525327784168,-0.9883217757953531
Humid Black Sea,RHmax_minus10pct,RHmax,-10%,7,11.285714285714286,444.92857142857144,76094.40252995408,2466.648809523809,39.80374302006254,11.428571428571429,465.18049450549455,2509.6974587912086,39.67511839123059,-1.2499999999999956,-4.353562394840246,-1.7152923798286737,0.32419469442687365
Humid Black Sea,RHmax_plus10pct,RHmax,+10%,7,11.428571428571429,478.28421578421575,76094.40252995408,2536.996878121878,39.59224172445244,11.428571428571429,465.18049450549455,2509.6974587912086,39.67511839123059,0.0,2.8169111631928967,1.0877573802787448,-0.20888826584186387
Humid Black Sea,Tset_minus10pct,Tset,-10%,7,41.57142857142857,1663.4052197802198,76094.40252995408,5186.8561126373625,18.872272519109995,11.428571428571429,465.18049450549455,2509.6974587912086,39.67511839123059,263.74999999999994,257.5827532382857,106.67256503242437,-52.432977431816965
Humid Black Sea,Tset_plus10pct,Tset,+10%,7,2.5714285714285716,97.99862637362632,76094.40252995408,1691.5923763736264,46.68043481946728,11.428571428571429,465.18049450549455,2509.6974587912086,39.67511839123059,-77.5,-78.9332038786788,-32.59775713410576,17.65669949402111
Humid Mediterranean Coastal,Baseline,Baseline,baseline,13,186.0,7120.340680473372,94054.69967342631,17422.043084319528,15.285728276563542,186.0,7120.340680473372,17422.043084319528,15.285728276563542,0.0,0.0,0.0,0.0
Humid Mediterranean Coastal,Flow_minus10pct,Water flow rate,-10%,13,186.0,6408.306612426036,94054.69967342631,17422.043084319528,15.285728276563542,186.0,7120.340680473372,17422.043084319528,15.285728276563542,0.0,-9.99999999999999,0.0,0.0
Humid Mediterranean Coastal,Flow_plus10pct,Water flow rate,+10%,13,186.0,7832.374748520711,94054.69967342631,17422.043084319528,15.285728276563542,186.0,7120.340680473372,17422.043084319528,15.285728276563542,0.0,10.000000000000027,0.0,0.0
Humid Mediterranean Coastal,Gmin_minus10pct,Gmin,-10%,13,186.53846153846155,7137.248076923076,94054.69967342631,17460.497596153848,15.26682197524466,186.0,7120.340680473372,17422.043084319528,15.285728276563542,0.28949545078577804,0.2374520715851447,0.22072331957972183,-0.12368597018612301
Humid Mediterranean Coastal,Gmin_plus10pct,Gmin,+10%,13,185.46153846153845,7102.251035502958,94054.69967342631,17381.125554733728,15.289168816845493,186.0,7120.340680473372,17422.043084319528,15.285728276563542,-0.28949545078577804,-0.254055891174178,-0.2348606841790423,0.022508186850510085
Humid Mediterranean Coastal,PVarea_2m2,PV area design,2 m²,13,186.0,7120.340680473372,188109.39934685262,17422.043084319528,30.571456553127085,186.0,7120.340680473372,17422.043084319528,15.285728276563542,0.0,0.0,0.0,100.0
Humid Mediterranean Coastal,PVarea_3m2,PV area design,3 m²,13,186.0,7120.340680473372,282164.0990202789,17422.043084319528,45.85718482969063,186.0,7120.340680473372,17422.043084319528,15.285728276563542,0.0,0.0,0.0,200.0
Humid Mediterranean Coastal,PVarea_minus10pct,PV area,-10%,13,186.0,7120.340680473372,84649.22970608367,17422.043084319528,13.757155448907188,186.0,7120.340680473372,17422.043084319528,15.285728276563542,0.0,0.0,0.0,-10.000000000000002
Humid Mediterranean Coastal,PVarea_plus10pct,PV area,+10%,13,186.0,7120.340680473372,103460.16964076895,17422.043084319528,16.8143011042199,186.0,7120.340680473372,17422.043084319528,15.285728276563542,0.0,0.0,0.0,10.000000000000027
Humid Mediterranean Coastal,Pump_minus10pct,Pump power,-10%,13,186.0,7120.340680473372,94054.69967342631,15938.638775887575,15.957889589880871,186.0,7120.340680473372,17422.043084319528,15.285728276563542,0.0,0.0,-8.514525542455297,4.3973129781974665
Humid Mediterranean Coastal,Pump_plus10pct,Pump power,+10%,13,186.0,7120.340680473372,94054.69967342631,18905.447392751477,14.689236703185857,186.0,7120.340680473372,17422.043084319528,15.285728276563542,0.0,0.0,8.514525542455276,-3.9022777494497327
Humid Mediterranean Coastal,RHmax_minus10pct,RHmax,-10%,13,159.53846153846155,6089.872781065089,94054.69967342631,15116.465729783038,19.18689567488772,186.0,7120.340680473372,17422.043084319528,15.285728276563542,-14.226633581472287,-14.472171285767411,-13.233679559727376,25.52163251721243
Humid Mediterranean Coastal,RHmax_plus10pct,RHmax,+10%,13,193.46153846153845,7557.854895104896,94054.69967342631,18378.30026223776,12.457651630635144,186.0,7120.340680473372,17422.043084319528,15.285728276563542,4.011579818031426,6.144568557391514,5.488777483158096,-18.50141906725161
Humid Mediterranean Coastal,Tset_minus10pct,Tset,-10%,13,403.61538461538464,16796.636094674555,94054.69967342631,38886.68417159763,4.863092394397539,186.0,7120.340680473372,17422.043084319528,15.285728276563542,116.99751861042185,135.8965230517297,123.20392610323104,-68.18540597863594
Humid Mediterranean Coastal,Tset_plus10pct,Tset,+10%,13,34.30769230769231,1303.7454142011832,94054.69967342631,4393.982433431952,36.37892301900948,186.0,7120.340680473372,17422.043084319528,15.285728276563542,-81.55500413564928,-81.68984501294244,-74.7791782389363,137.99273649778627
Semi-Arid Plateau,Baseline,Baseline,baseline,33,117.21212121212122,5047.1524475524475,90994.86838131081,12690.173659673661,11.607983046467881,117.21212121212122,5047.1524475524475,12690.173659673661,11.607983046467881,0.0,0.0,0.0,0.0
Semi-Arid Plateau,Flow_minus10pct,Water flow rate,-10%,33,117.21212121212122,4542.437202797203,90994.86838131081,12690.173659673661,11.607983046467881,117.21212121212122,5047.1524475524475,12690.173659673661,11.607983046467881,0.0,-9.999999999999993,0.0,0.0
Semi-Arid Plateau,Flow_plus10pct,Water flow rate,+10%,33,117.21212121212122,5551.867692307693,90994.86838131081,12690.173659673661,11.607983046467881,117.21212121212122,5047.1524475524475,12690.173659673661,11.607983046467881,0.0,10.00000000000001,0.0,0.0
Semi-Arid Plateau,Gmin_minus10pct,Gmin,-10%,33,117.75757575757575,5073.1884615384615,90994.86838131081,12747.688082750583,11.570616323572807,117.21212121212122,5047.1524475524475,12690.173659673661,11.607983046467881,0.4653567735263592,0.5158555097466865,0.4532201419724385,-0.32190538826160775
Semi-Arid Plateau,Gmin_plus10pct,Gmin,+10%,33,116.18181818181819,5002.393531468532,90994.86838131081,12590.74409965035,11.65913577515856,117.21212121212122,5047.1524475524475,12690.173659673661,11.607983046467881,-0.8790072388831445,-0.8868152200479,-0.7835161495013596,0.44066853376603077
Semi-Arid Plateau,PVarea_2m2,PV area design,2 m²,33,117.21212121212122,5047.1524475524475,181989.73676262161,12690.173659673661,23.215966092935762,117.21212121212122,5047.1524475524475,12690.173659673661,11.607983046467881,0.0,0.0,0.0,100.00000000000001
Semi-Arid Plateau,PVarea_3m2,PV area design,3 m²,33,117.21212121212122,5047.1524475524475,272984.6051439324,12690.173659673661,34.823949139403645,117.21212121212122,5047.1524475524475,12690.173659673661,11.607983046467881,0.0,0.0,0.0,200.00000000000003
Semi-Arid Plateau,PVarea_minus10pct,PV area,-10%,33,117.21212121212122,5047.1524475524475,81895.38154317973,12690.173659673661,10.447184741821092,117.21212121212122,5047.1524475524475,12690.173659673661,11.607983046467881,0.0,0.0,0.0,-10.00000000000001
Semi-Arid Plateau,PVarea_plus10pct,PV area,+10%,33,117.21212121212122,5047.1524475524475,100094.35521944189,12690.173659673661,12.76878135111467,117.21212121212122,5047.1524475524475,12690.173659673661,11.607983046467881,0.0,0.0,0.0,10.00000000000001
Semi-Arid Plateau,Pump_minus10pct,Pump power,-10%,33,117.21212121212122,5047.1524475524475,90994.86838131081,11638.683566433567,12.341932893448934,117.21212121212122,5047.1524475524475,12690.173659673661,11.607983046467881,0.0,0.0,-8.285860551944047,6.3228025406565544
Semi-Arid Plateau,Pump_plus10pct,Pump power,+10%,33,117.21212121212122,5047.1524475524475,90994.86838131081,13741.663752913753,10.974979628395607,117.21212121212122,5047.1524475524475,12690.173659673661,11.607983046467881,0.0,0.0,8.285860551944033,-5.453173178650418
Semi-Arid Plateau,RHmax_minus10pct,RHmax,-10%,33,117.21212121212122,4974.918123543124,90994.86838131081,12539.685484654236,11.681362359339651,117.21212121212122,5047.1524475524475,12690.173659673661,11.607983046467881,0.0,-1.4311896610999408,-1.1858637955258315,0.6321452450268565
Semi-Arid Plateau,RHmax_plus10pct,RHmax,+10%,33,117.21212121212122,5106.25325810553,90994.86838131081,12813.300348325916,11.549056082593463,117.21212121212122,5047.1524475524475,12690.173659673661,11.607983046467881,0.0,1.1709733590817715,0.9702521963393024,-0.5076417120745934
Semi-Arid Plateau,Tset_minus10pct,Tset,-10%,33,305.4848484848485,15310.940734265734,90994.86838131081,35202.70228729604,3.614949580749924,117.21212121212122,5047.1524475524475,12690.173659673661,11.607983046467881,160.62564632885213,203.35800024607104,177.40126519435913,-68.85807322186007
Semi-Arid Plateau,Tset_plus10pct,Tset,+10%,33,17.575757575757574,705.0180069930067,90994.86838131081,3046.242060023309,38.5468069447709,117.21212121212122,5047.1524475524475,12690.173659673661,11.607983046467881,-85.00517063081696,-86.0313708706204,-75.99526892446288,232.0715303465236
Temperate / Windy Coastal,Baseline,Baseline,baseline,13,157.76923076923077,5927.808284023669,91493.78760772242,14768.215976331361,19.89071183419621,157.76923076923077,5927.808284023669,14768.215976331361,19.89071183419621,0.0,0.0,0.0,0.0
Temperate / Windy Coastal,Flow_minus10pct,Water flow rate,-10%,13,157.76923076923077,5335.027455621302,91493.78760772242,14768.215976331361,19.89071183419621,157.76923076923077,5927.808284023669,14768.215976331361,19.89071183419621,0.0,-10.000000000000012,0.0,0.0
Temperate / Windy Coastal,Flow_plus10pct,Water flow rate,+10%,13,157.76923076923077,6520.589112426036,91493.78760772242,14768.215976331361,19.89071183419621,157.76923076923077,5927.808284023669,14768.215976331361,19.89071183419621,0.0,9.999999999999996,0.0,0.0
Temperate / Windy Coastal,Gmin_minus10pct,Gmin,-10%,13,158.15384615384616,5941.275887573964,91493.78760772242,14798.581176035503,19.888284419069766,157.76923076923077,5927.808284023669,14768.215976331361,19.89071183419621,0.24378352023403355,0.2271936423212535,0.2056118339060526,-0.012203761970303465
Temperate / Windy Coastal,Gmin_plus10pct,Gmin,+10%,13,157.07692307692307,5905.678402366864,91493.78760772242,14717.958210059172,19.89300329895553,157.76923076923077,5927.808284023669,14768.215976331361,19.89071183419621,-0.4388103364212676,-0.3733231676275433,-0.3403103418363841,0.011520275284371209
Temperate / Windy Coastal,PVarea_2m2,PV area design,2 m²,13,157.76923076923077,5927.808284023669,182987.57521544484,14768.215976331361,39.78142366839242,157.76923076923077,5927.808284023669,14768.215976331361,19.89071183419621,0.0,0.0,0.0,100.0
Temperate / Windy Coastal,PVarea_3m2,PV area design,3 m²,13,157.76923076923077,5927.808284023669,274481.36282316723,14768.215976331361,59.672135502588624,157.76923076923077,5927.808284023669,14768.215976331361,19.89071183419621,0.0,0.0,0.0,199.99999999999997
Temperate / Windy Coastal,PVarea_minus10pct,PV area,-10%,13,157.76923076923077,5927.808284023669,82344.40884695017,14768.215976331361,17.90164065077659,157.76923076923077,5927.808284023669,14768.215976331361,19.89071183419621,0.0,0.0,0.0,-10.000000000000004
Temperate / Windy Coastal,PVarea_plus10pct,PV area,+10%,13,157.76923076923077,5927.808284023669,100643.16636849467,14768.215976331361,21.879783017615832,157.76923076923077,5927.808284023669,14768.215976331361,19.89071183419621,0.0,0.0,0.0,10.000000000000004
Temperate / Windy Coastal,Pump_minus10pct,Pump power,-10%,13,157.76923076923077,5927.808284023669,91493.78760772242,13533.255917159764,20.646174060234777,157.76923076923077,5927.808284023669,14768.215976331361,19.89071183419621,0.0,0.0,-8.362283305924262,3.798065309758159
Temperate / Windy Coastal,Pump_plus10pct,Pump power,+10%,13,157.76923076923077,5927.808284023669,91493.78760772242,16003.176035502958,19.220220468894595,157.76923076923077,5927.808284023669,14768.215976331361,19.89071183419621,0.0,0.0,8.362283305924262,-3.370876672944921
Temperate / Windy Coastal,RHmax_minus10pct,RHmax,-10%,13,150.23076923076923,5525.743343195267,91493.78760772242,13885.349913708087,23.236897095055255,157.76923076923077,5927.808284023669,14768.215976331361,19.89071183419621,-4.778156996587036,-6.782691368613047,-5.978149723962737,16.82285324302103
Temperate / Windy Coastal,RHmax_plus10pct,RHmax,+10%,13,160.07692307692307,6143.167294244217,91493.78760772242,15230.726734803658,18.844676926792168,157.76923076923077,5927.808284023669,14768.215976331361,19.89071183419621,1.4627011214041834,3.633029273247126,3.1317984461599924,-5.258911375940271
Temperate / Windy Coastal,Tset_minus10pct,Tset,-10%,13,361.38461538461536,14736.267159763313,91493.78760772242,34340.86427514793,4.984002530068305,157.76923076923077,5927.808284023669,14768.215976331361,19.89071183419621,129.0589956118966,148.59554246178573,132.5322458053508,-74.94306603195677
Temperate / Windy Coastal,Tset_plus10pct,Tset,+10%,13,20.615384615384617,827.8247041420116,91493.78760772242,3320.327107988165,44.23951446838295,157.76923076923077,5927.808284023669,14768.215976331361,19.89071183419621,-86.93320331545587,-86.03489410456942,-77.51707373924131,122.41292738616905
Temperate Humid Transitional,Baseline,Baseline,baseline,23,62.82608695652174,2481.3328595317726,83936.34830656875,7018.399979096989,25.49328262293195,62.82608695652174,2481.3328595317726,7018.399979096989,25.49328262293195,0.0,0.0,0.0,0.0
Temperate Humid Transitional,Flow_minus10pct,Water flow rate,-10%,23,62.82608695652174,2233.1995735785954,83936.34830656875,7018.399979096989,25.49328262293195,62.82608695652174,2481.3328595317726,7018.399979096989,25.49328262293195,0.0,-9.999999999999996,0.0,0.0
Temperate Humid Transitional,Flow_plus10pct,Water flow rate,+10%,23,62.82608695652174,2729.4661454849497,83936.34830656875,7018.399979096989,25.49328262293195,62.82608695652174,2481.3328595317726,7018.399979096989,25.49328262293195,0.0,9.999999999999996,0.0,0.0
Temperate Humid Transitional,Gmin_minus10pct,Gmin,-10%,23,63.21739130434783,2497.6321906354515,83936.34830656875,7054.704744983277,25.478165909513244,62.82608695652174,2481.3328595317726,7018.399979096989,25.49328262293195,0.6228373702422131,0.6568780581398743,0.5172798072839244,-0.05929684945754422
Temperate Humid Transitional,Gmin_plus10pct,Gmin,+10%,23,62.47826086956522,2467.0866220735784,83936.34830656875,6986.633361204013,25.50192858162533,62.82608695652174,2481.3328595317726,7018.399979096989,25.49328262293195,-0.5536332179930821,-0.574136492952519,-0.45261908679452284,0.03391465438664687
Temperate Humid Transitional,PVarea_2m2,PV area design,2 m²,23,62.82608695652174,2481.3328595317726,167872.6966131375,7018.399979096989,50.9865652458639,62.82608695652174,2481.3328595317726,7018.399979096989,25.49328262293195,0.0,0.0,0.0,100.0
Temperate Humid Transitional,PVarea_3m2,PV area design,3 m²,23,62.82608695652174,2481.3328595317726,251809.04491970624,7018.399979096989,76.47984786879584,62.82608695652174,2481.3328595317726,7018.399979096989,25.49328262293195,0.0,0.0,0.0,199.99999999999997
Temperate Humid Transitional,PVarea_minus10pct,PV area,-10%,23,62.82608695652174,2481.3328595317726,75542.71347591186,7018.399979096989,22.943954360638752,62.82608695652174,2481.3328595317726,7018.399979096989,25.49328262293195,0.0,0.0,0.0,-10.000000000000012
Temperate Humid Transitional,PVarea_plus10pct,PV area,+10%,23,62.82608695652174,2481.3328595317726,92329.98313722563,7018.399979096989,28.042610885225145,62.82608695652174,2481.3328595317726,7018.399979096989,25.49328262293195,0.0,0.0,0.0,9.999999999999996
Temperate Humid Transitional,Pump_minus10pct,Pump power,-10%,23,62.82608695652174,2481.3328595317726,83936.34830656875,6501.455633361204,26.151594967864234,62.82608695652174,2481.3328595317726,7018.399979096989,25.49328262293195,0.0,0.0,-7.365558350555811,2.582297284619255
Temperate Humid Transitional,Pump_plus10pct,Pump power,+10%,23,62.82608695652174,2481.3328595317726,83936.34830656875,7535.344324832776,24.911301345339222,62.82608695652174,2481.3328595317726,7018.399979096989,25.49328262293195,0.0,0.0,7.365558350555824,-2.282880891412623
Temperate Humid Transitional,RHmax_minus10pct,RHmax,-10%,23,61.30434782608695,2359.990802675585,83936.34830656875,6756.473592530658,26.090698811153185,62.82608695652174,2481.3328595317726,7018.399979096989,25.49328262293195,-2.4221453287197323,-4.890196669506267,-3.7319957162092643,2.34342590186421
Temperate Humid Transitional,RHmax_plus10pct,RHmax,+10%,23,63.17391304347826,2554.718455457586,83936.34830656875,7173.373593797507,25.33876590626642,62.82608695652174,2481.3328595317726,7018.399979096989,25.49328262293195,0.5536332179930707,2.957507117350687,2.208104627295084,-0.6061075733202651
Temperate Humid Transitional,Tset_minus10pct,Tset,-10%,23,218.69565217391303,8690.404264214047,83936.34830656875,20889.18279682274,9.19829875973799,62.82608695652174,2481.3328595317726,7018.399979096989,25.49328262293195,248.09688581314873,250.2312972977727,197.63454432687394,-63.91873539477474
Temperate Humid Transitional,Tset_plus10pct,Tset,+10%,23,11.782608695652174,468.22299331103665,83936.34830656875,2518.160221571906,43.627316995362946,62.82608695652174,2481.3328595317726,7018.399979096989,25.49328262293195,-81.24567474048443,-81.13018205065038,-64.12059402325627,71.13259849917839
